Trades,Header,DataDiscriminator,Asset Category,Currency,Symbol,Date/Time,Quantity,T. Price,C. Price,Proceeds,Comm/Fee,Basis,Realized P/L,MTM P/L,Code
Trades,Header,DataDiscriminator,Asset Category,Currency,Symbol,Date/Time,Quantity,T. Price,C. Price,Proceeds,Comm/Fee,Basis,Realized P/L,MTM P/L,Code
Trades,Data,Order,Stocks,AUD,NCM,"2021-02-21, 18:06:50","2,000",24.34,24.37,-48680,-38.944,48718.944,0,60,O
Trades,Data,Order,Stocks,AUD,NCM,"2021-04-06, 20:06:30","-2,000",25.69,25.91,51380,-41.104,-48718.944,2619.952,-440,C;P
Trades,SubTotal,,Stocks,AUD,NCM,,0,,,2700,-80.048,0,2619.952,-380,
Trades,Data,Order,Stocks,AUD,TYR,"2021-02-02, 18:12:18","10,000",2.65,2.62,-26500,-21.2,26521.2,0,-300,O
Trades,Data,Order,Stocks,AUD,TYR,"2021-02-21, 18:17:59","-10,000",2.9,3.04,29000,-23.2,-26521.2,2455.6,-1400,C
Trades,SubTotal,,Stocks,AUD,TYR,,0,,,2500,-44.4,0,2455.6,-1700,
Trades,Total,,Stocks,AUD,,,,,,5200,-124.448,0,5075.552,-2080, 
Trades,Total,,Stocks,USD,,,,,,3346.078,-96.63961408,689.0347872,3938.473173,-1624.3128, 
Trades,Data,Order,Stocks,CAD,SSRM,"2021-02-18, 09:30:05","3,000",19.5,19.1,-58500,-30,58530,0,-1200,O;P
Trades,Data,Order,Stocks,CAD,SSRM,"2021-04-06, 12:44:26",-100,19.8,19.53,1980,-1,-1951,28,27,C
Trades,Data,Order,Stocks,CAD,SSRM,"2021-04-06, 12:44:36","-2,900",19.78551724,19.53,57378,-29,-56579,770,741,C;P
Trades,SubTotal,,Stocks,CAD,SSRM,,0,,,858,-60,0,798,-432,
Trades,Total,,Stocks,CAD,,,,,,858,-60,0,798,-432, 
Trades,Total,,Stocks,USD,,,,,,1094.05998,-47.5377,-411.4659,635.05638,-335.35392, 
Trades,Data,Order,Stocks,EUR,ABN,"2021-02-01, 04:10:41","3,000",8.72,8.678,-26160,-26.16,26186.16,0,-126,O
Trades,Data,Order,Stocks,EUR,ABN,"2021-02-16, 03:30:25","-3,000",9,9.124,27000,-27,-26186.16,786.84,-372,C
Trades,SubTotal,,Stocks,EUR,ABN,,0,,,840,-53.16,0,786.84,-498,
Trades,Data,Order,Stocks,EUR,AGS,"2021-01-28, 05:53:06",250,42.53,43.03,-10632.5,-10.6325,10643.1325,0,125,O
Trades,Data,Order,Stocks,EUR,AGS,"2021-02-03, 03:09:50",-250,44.3,44.37,11075,-11.075,-10643.1325,420.7925,-17.5,C
Trades,SubTotal,,Stocks,EUR,AGS,,0,,,442.5,-21.7075,0,420.7925,107.5,
Trades,Data,Order,Stocks,EUR,BN,"2021-01-28, 05:54:19",200,55.14,55.28,-11028,-6.03783,11034.03783,0,28,O;P
Trades,Data,Order,Stocks,EUR,BN,"2021-02-22, 03:00:01",-200,57.2,57.42,11440,-11.44,-11034.03783,394.52217,-44,C;P
Trades,SubTotal,,Stocks,EUR,BN,,0,,,412,-17.47783,0,394.52217,-16,
Trades,Data,Order,Stocks,EUR,DG,"2021-01-28, 05:53:41",200,78,78.68,-15600,-7.8,15607.8,0,136,O
Trades,Data,Order,Stocks,EUR,DG,"2021-02-03, 03:08:07",-200,81.2619,81.3,16252.38,-14.22138,-15607.8,630.35862,244.38,C;O;P
Trades,SubTotal,,Stocks,EUR,DG,,0,,,652.38,-22.02138,0,630.35862,380.38,
Trades,Data,Order,Stocks,EUR,INN1d,"2021-02-01, 04:09:15","3,500",7.488998857,7.7,-26211.496,-18.707518,26230.20352,0,-206.496,O;P
Trades,Data,Order,Stocks,EUR,INN1d,"2021-02-03, 03:04:56","-3,500",7.877,7.7,27569.5,-27.5695,-26230.20352,1311.726982,619.5,C;P
Trades,SubTotal,,Stocks,EUR,INN1d,,0,,,1358.004,-46.277018,0,1311.726982,413.004,
Trades,Data,Order,Stocks,EUR,LIGHT,"2021-01-28, 05:52:33",300,39.79,40.74,-11937,-11.937,11948.937,0,285,O
Trades,Data,Order,Stocks,EUR,LIGHT,"2021-03-11, 06:52:02",-300,40.08,40.01,12024,-12.024,-11948.937,63.039,21,C;P
Trades,SubTotal,,Stocks,EUR,LIGHT,,0,,,87,-23.961,0,63.039,306,
Trades,Data,Order,Stocks,EUR,PRX,"2021-02-17, 03:00:14",300,106,109.05,-31800,-29,31829,0,915,O
Trades,Data,Order,Stocks,EUR,PRX,"2021-02-18, 05:41:55",-300,109.5,108.4,32850,-29,-31829,992,330,C
Trades,SubTotal,,Stocks,EUR,PRX,,0,,,1050,-58,0,992,1245,
Trades,Data,Order,Stocks,EUR,R6Cd,"2021-02-04, 06:42:02","3,000",15.10627067,15.114,-45318.812,-35.317316,45354.12932,0,23.188,O;P
Trades,Data,Order,Stocks,EUR,R6Cd,"2021-02-22, 03:00:18","-3,000",16.32030333,16.714,48960.91,-29,-45354.12932,3577.780684,-1181.09,C;P
Trades,SubTotal,,Stocks,EUR,R6Cd,,0,,,3642.098,-64.317316,0,3577.780684,-1157.902,
Trades,Data,Order,Stocks,EUR,SGO,"2021-01-28, 05:52:03",250,40.29,41.61,-10072.5,-5.03625,10077.53625,0,330,O
Trades,Data,Order,Stocks,EUR,SGO,"2021-02-03, 03:06:34",-250,42.42584,43.16,10606.46,-7.59393,-10077.53625,521.32982,-43.54,C;O;P
Trades,SubTotal,,Stocks,EUR,SGO,,0,,,533.96,-12.63018,0,521.32982,286.46,
Trades,Data,Order,Stocks,EUR,SOLB,"2021-01-28, 05:50:37",100,92.92,95.06,-9292,-4.646,9296.646,0,214,O
Trades,Data,Order,Stocks,EUR,SOLB,"2021-02-03, 03:07:09",-100,95.74,95.6,9574,-9.574,-9296.646,267.78,14,C
Trades,SubTotal,,Stocks,EUR,SOLB,,0,,,282,-14.22,0,267.78,228,
Trades,Data,Order,Stocks,EUR,UNVB,"2021-02-05, 03:45:14",800,46.1315,45.55,-36905.2,-29,36934.2,0,-465.2,O;P
Trades,Data,Order,Stocks,EUR,UNVB,"2021-03-15, 10:14:44",-800,46.34,46.145,37072,-29,-36934.2,108.799999,156,C;P
Trades,SubTotal,,Stocks,EUR,UNVB,,0,,,166.8,-58,0,108.799999,-309.2,
Trades,Data,Order,Stocks,EUR,VIV,"2021-02-22, 03:00:15","1,000",29.28,29.63,-29280,-29,29309,0,350,O
Trades,Data,Order,Stocks,EUR,VIV,"2021-05-18, 03:00:29","-1,000",30.15,29.61,30150,-29,-29309,812,540,C;P
Trades,SubTotal,,Stocks,EUR,VIV,,0,,,870,-58,0,812,890,
Trades,Data,Order,Stocks,EUR,VOW3d,"2021-01-18, 04:22:31",300,152.36,151.2,-45708,-30.70054,45738.70054,0,-348,O;P
Trades,Data,Order,Stocks,EUR,VOW3d,"2021-02-03, 03:09:40",-300,165.62,164.64,49686,-39.33475,-45738.70054,3907.96471,-84,C;O;P
Trades,SubTotal,,Stocks,EUR,VOW3d,,0,,,3978,-70.03529,0,3907.96471,-432,
Trades,Total,,Stocks,EUR,,,,,,14314.742,-519.807514,0,13794.93449,1443.242, 
Trades,Total,,Stocks,USD,,,,,,17445.5415,-627.4198091,-142.0679085,16676.05378,1741.096548, 
Trades,Data,Order,Stocks,GBP,RB.,"2021-02-23, 03:00:15",300,58.88,59.7,-17664,-95.32,17759.32,0,246,O;P
Trades,Data,Order,Stocks,GBP,RB.,"2021-02-25, 05:02:40",-300,59.74,59.5,17922,-7,-17759.32,155.680001,72,C
Trades,SubTotal,,Stocks,GBP,RB.,,0,,,258,-102.32,0,155.680001,318,
Trades,Total,,Stocks,GBP,,,,,,258,-102.32,0,155.680001,318, 
Trades,Total,,Stocks,USD,,,,,,172.4274,-144.360012,190.024724,218.0921134,448.1184, 
Trades,Data,Order,Stocks,HKD,700,"2021-03-25, 03:02:42",200,608,606,-121600,-222.5632,121822.5632,0,-400,O
Trades,Data,Order,Stocks,HKD,700,"2021-04-06, 21:20:27",-200,653,629.5,130600,-239.0062,-121822.5632,8538.4306,4700,C
Trades,SubTotal,,Stocks,HKD,700,,0,,,9000,-461.5694,0,8538.4306,4300,
Trades,Data,Order,Stocks,HKD,968,"2021-03-05, 01:26:20","20,000",13.14,12.86,-262800,-482.3356,263282.3356,0,-5600,O;P
Trades,Data,Order,Stocks,HKD,968,"2021-03-12, 02:44:46","-20,000",14.82,15,296400,-543.1228,-263282.3356,32574.5416,-3600,C;P
Trades,Data,Order,Stocks,HKD,968,"2021-03-25, 02:59:26","14,000",12.72,12.7,-178080,-327.27216,178407.2722,0,-280,O;P
Trades,Data,Order,Stocks,HKD,968,"2021-04-22, 22:44:38","-14,000",14.44,14.12,202160,-370.18632,-178407.2722,23382.54152,4480,C;P
Trades,Data,Order,Stocks,HKD,968,"2021-04-28, 02:56:35","20,000",13.34,13.48,-266800,-487.6436,267287.6436,0,2800,O
Trades,Data,Order,Stocks,HKD,968,"2021-05-27, 21:43:29","-20,000",13.7,13.78,274000,-501.598,-267287.6436,6210.7584,-1600,C;P
Trades,SubTotal,,Stocks,HKD,968,,0,,,64880,-2712.15848,0,62167.84152,-3800,
Trades,Data,Order,Stocks,HKD,9888,"2021-03-28, 21:20:16","1,000",211,203.4,-211000,-385.497,211385.497,0,-7600,O
Trades,SubTotal,,Stocks,HKD,9888,,1000,,,-211000,-385.497,211385.497,0,-7600,
Trades,Total,,Stocks,HKD,,,,,,-137120,-3559.22488,211385.497,70706.27212,-7100, 
Trades,Total,,Stocks,USD,,,,,,-17623.3768,-458.3129421,27188.43966,9106.749923,-914.7362, 
Trades,Data,Order,Stocks,JPY,3436.T,"2021-02-16, 19:00:00","1,000",2482,2541,-2482000,-1985.6,2483985.6,0,59000,O
Trades,Data,Order,Stocks,JPY,3436.T,"2021-02-24, 20:25:49","-1,000",2611,2574,2611000,-2088.8,-2483985.6,124925.6,37000,C
Trades,SubTotal,,Stocks,JPY,3436.T,,0,,,129000,-4074.4,0,124925.6,96000,
Trades,Total,,Stocks,JPY,,,,,,129000,-4074.4,0,124925.6,96000, 
Trades,Total,,Stocks,USD,,,,,,1129.4989,-38.41555432,84.70390896,1175.787255,905.5543, 
Trades,Data,Order,Stocks,USD,AAPL,"2021-02-01, 15:07:28",200,134.51,134.14,-26902,-1,26903,0,-74,O;P
Trades,Data,Order,Stocks,USD,AAPL,"2021-02-04, 16:36:01",-200,137.3,137.39,27460,-1.630666,-26903,555.369334,-18,C
Trades,Data,Order,Stocks,USD,AAPL,"2021-02-17, 08:29:50",200,132,130.84,-26400,-1,26401,0,-232,O
Trades,Data,Order,Stocks,USD,AAPL,"2021-04-09, 13:11:23",-200,132,132.995,26400,-1.15844,-26401,-2.15844,-199,C
Trades,SubTotal,,Stocks,USD,AAPL,,0,,,558,-4.789106,0,553.210894,-523,
Trades,Data,Order,Stocks,USD,CX,"2021-02-03, 04:16:07",6,6.3,6.4,-37.8,-0.378,38.178,0,0.6,O;P
Trades,Data,Order,Stocks,USD,CX,"2021-02-03, 05:52:45","4,994",6.35,6.4,-31711.9,-24.97,31736.87,0,249.7,O;P
Trades,Data,Order,Stocks,USD,CX,"2021-02-25, 07:44:55","-5,000",6.8248,6.54,34124,-25.7690324,-31775.048,2323.182963,1424,C;P
Trades,Data,Order,Stocks,USD,CX,"2021-03-18, 15:57:52","4,000",6.885,6.89,-27540,-20,27560,0,20,O;P
Trades,Data,Order,Stocks,USD,CX,"2021-04-05, 11:27:19","-4,000",7.1032,7.17,28412.8,-20.62090528,-27560,832.179095,-267.2,C;P
Trades,SubTotal,,Stocks,USD,CX,,0,,,3247.1,-91.73793768,0,3155.362058,1427.1,
Trades,Data,Order,Stocks,USD,DBA,"2021-02-17, 06:26:56","2,000",17,16.89,-34000,-10,34010,0,-220,O
Trades,Data,Order,Stocks,USD,DBA,"2021-03-31, 16:34:17","-2,000",16.760255,16.94,33520.51,-10.4089546,-34010,-499.898955,-359.49,C;P
Trades,SubTotal,,Stocks,USD,DBA,,0,,,-479.49,-20.4089546,0,-499.898955,-579.49,
Trades,Data,Order,Stocks,USD,ETN,"2021-02-08, 10:55:09",200,120,120.22,-24000,-1,24001,0,44,O
Trades,Data,Order,Stocks,USD,ETN,"2021-02-12, 16:27:20",-100,124,123.98,12400,-1.28594,-12000.5,398.21406,2,C;P
Trades,Data,Order,Stocks,USD,ETN,"2021-02-12, 16:28:45",-100,123.95,123.98,12395,-1.2858295,-12000.5,393.21417,-3,C
Trades,SubTotal,,Stocks,USD,ETN,,0,,,795,-3.5717695,0,791.42823,43,
Trades,Data,Order,Stocks,USD,GFI,"2021-02-03, 04:28:08","3,000",9.18,9.18,-27540,-15,27555,0,0,O;P
Trades,Data,Order,Stocks,USD,GFI,"2021-03-17, 16:41:20","-3,000",9.7,9.7,29100,-15.50541,-27555,1529.49459,0,C
Trades,SubTotal,,Stocks,USD,GFI,,0,,,1560,-30.50541,0,1529.49459,0,
Trades,Data,Order,Stocks,USD,GME,"2021-02-01, 08:40:27",100,323.1395,225,-32313.95,-1,32314.95,0,-9813.95,O;P
Trades,Data,Order,Stocks,USD,GME,"2021-02-01, 10:22:20",-100,250,225,25000,-1.5644,-32314.95,-7316.5144,2500,C;P
Trades,Data,Order,Stocks,USD,GME,"2021-02-02, 04:45:27",30,173,90,-5190,-1,5191,0,-2490,O
Trades,Data,Order,Stocks,USD,GME,"2021-02-02, 07:42:25",-30,147.39,90,4421.7,-1.10128957,-5191,-770.40129,1721.7,C
Trades,Data,Order,Stocks,USD,GME,"2021-03-05, 16:20:00",-200,45,194.5,9000,-0.0697,-8999.9303,0,-29900,A;O
Trades,Data,Order,Stocks,USD,GME,"2021-03-09, 12:33:26",20,238,246.9,-4760,-1,1155.926212,-3605.073788,178,C;P
Trades,Data,Order,Stocks,USD,GME,"2021-03-09, 15:58:05",-20,248.54,246.9,4970.8,-1.02773108,-4969.772269,0,32.8,O
Trades,Data,Order,Stocks,USD,GME,"2021-03-09, 16:01:08",-20,245.26,246.9,4905.2,-1.02739652,-4904.172603,0,-32.8,O
Trades,Data,Order,Stocks,USD,GME,"2021-03-10, 04:00:56",220,278.9986364,265,-61379.7,-1.1,20277.28078,-41103.51922,-3079.7,C;P
Trades,Data,Order,Stocks,USD,GME,"2021-03-10, 06:10:29",200,273.7436,265,-54748.72,-1,54749.72,0,-1748.72,O;P
Trades,Data,Order,Stocks,USD,GME,"2021-03-11, 09:50:07",-100,245.44,260,24544,-1.1370744,-27375.2,-2832.337074,-1456,C
Trades,Data,Order,Stocks,USD,GME,"2021-03-11, 10:01:14",-100,270,260,27000,-1.1496,-27374.52,-375.6696,1000,C
Trades,Data,Order,Stocks,USD,GME,"2021-03-11, 16:23:40",50,250,260,-12500,-1,12501,0,500,O
Trades,Data,Order,Stocks,USD,GME,"2021-03-12, 06:02:40",-50,270.298,264.5,13514.9,-1.07487599,-12501,1012.825123,289.9,C;P
Trades,Data,Order,Stocks,USD,GME,"2021-03-12, 09:47:46",-50,282,264.5,14100,-1.07786,-14098.92214,0,875,O
Trades,Data,Order,Stocks,USD,GME,"2021-03-12, 10:50:09",100,292.42,264.5,-29242,-1,14098.92214,-522.57786,-2792,C;O
Trades,Data,Order,Stocks,USD,GME,"2021-03-12, 15:20:04",50,271.89,264.5,-13594.5,-1,13595.5,0,-369.5,O
Trades,Data,Order,Stocks,USD,GME,"2021-03-12, 16:16:53",50,266.49,264.5,-13324.5,-1,13325.5,0,-99.5,O
Trades,Data,Order,Stocks,USD,GME,"2021-03-15, 09:56:18",-50,275,220.14,13750,-1.076075,-14621.5,-872.576075,2743,C
Trades,Data,Order,Stocks,USD,GME,"2021-03-15, 11:15:08",50,255,220.14,-12750,-1,12751,0,-1743,O
Trades,Data,Order,Stocks,USD,GME,"2021-03-15, 15:05:08",50,231.44,220.14,-11572,-1,11573,0,-565,O
Trades,Data,Order,Stocks,USD,GME,"2021-03-16, 07:09:24",50,200,208.17,-10000,-1,10001,0,408.5,O
Trades,Data,Order,Stocks,USD,GME,"2021-03-16, 09:31:51",-50,201.06,208.17,10053,-1.0572203,-13595.5,-3543.55722,-355.5,C
Trades,Data,Order,Stocks,USD,GME,"2021-03-16, 09:32:15",-50,206.98,208.17,10349,-1.0587299,-13325.5,-2977.55873,-59.5,C
Trades,Data,Order,Stocks,USD,GME,"2021-03-16, 09:32:36",-50,211.04,208.17,10552,-1.0597652,-12751,-2200.059765,143.5,C
Trades,Data,Order,Stocks,USD,GME,"2021-03-16, 09:33:54",-100,205,208.17,20500,-1.11645,-21574,-1075.11645,-317,C
Trades,Data,Order,Stocks,USD,GME,"2021-03-16, 10:12:30",50,181.63,208.17,-9081.5,-1,9082.5,0,1327,O
Trades,Data,Order,Stocks,USD,GME,"2021-03-16, 10:26:04",-50,180,208.17,9000,-1.05185,-9082.5,-83.55185,-1408.5,C
Trades,Data,Order,Stocks,USD,GME,"2021-03-16, 10:29:21",50,175.5,208.17,-8775,-1,8776,0,1633.5,O;P
Trades,Data,Order,Stocks,USD,GME,"2021-03-16, 10:33:23",-50,185,208.17,9250,-1.053125,-8776,472.946875,-1158.5,C;P
Trades,Data,Order,Stocks,USD,GME,"2021-03-16, 10:52:07",-50,190,208.17,9500,-1.0544,-9498.9456,0,-908.5,O
Trades,Data,Order,Stocks,USD,GME,"2021-03-16, 10:57:04",-50,193.65,208.17,9682.5,-1.05533075,-9681.444669,0,-726,O
Trades,Data,Order,Stocks,USD,GME,"2021-03-16, 11:05:53",-50,200,208.17,10000,-1.05695,-9998.94305,0,-408.5,O
Trades,Data,Order,Stocks,USD,GME,"2021-03-16, 12:16:47",-50,200,208.17,10000,-1.05695,-9998.94305,0,-408.5,O;P
Trades,Data,Order,Stocks,USD,GME,"2021-03-16, 14:11:50",-50,217,208.17,10850,-1.061285,-10848.93872,0,441.5,O;P
Trades,Data,Order,Stocks,USD,GME,"2021-03-16, 14:44:48",50,207.05,208.17,-10352.5,-1,9498.9456,-854.5544,56,C;P
Trades,Data,Order,Stocks,USD,GME,"2021-03-16, 18:57:14",100,205.016,208.17,-20501.6,-1,19680.38772,-822.212281,315.4,C;P
Trades,Data,Order,Stocks,USD,GME,"2021-03-16, 18:58:31",100,205.1917,208.17,-20519.17,-1,20847.88176,327.711764,297.83,C;P
Trades,Data,Order,Stocks,USD,GME,"2021-03-17, 07:47:41",-100,205,209.81,20500,-1.11645,-20498.88355,0,-481,O
Trades,Data,Order,Stocks,USD,GME,"2021-03-17, 08:37:46",-50,210,209.81,10500,-1.0595,-10498.9405,0,9.5,O
Trades,Data,Order,Stocks,USD,GME,"2021-03-17, 08:43:58",-50,214.9,209.81,10745,-1.0607495,-10743.93925,0,254.5,O
Trades,Data,Order,Stocks,USD,GME,"2021-03-17, 09:36:16",-50,225,209.81,11250,-1.063325,-11248.93668,0,759.5,O
Trades,Data,Order,Stocks,USD,GME,"2021-03-17, 10:07:24",50,215.5,209.81,-10775,-1,10249.44178,-526.558225,-284.5,C
Trades,Data,Order,Stocks,USD,GME,"2021-03-17, 11:36:54",-50,220.04,209.81,11002,-1.0620602,-11000.93794,0,511.5,O
Trades,Data,Order,Stocks,USD,GME,"2021-03-17, 15:45:10",50,205.5,209.81,-10275,-1,10249.44178,-26.558225,215.5,C
Trades,Data,Order,Stocks,USD,GME,"2021-03-18, 04:53:24",-50,217,201.75,10850,-1.061285,-10848.93872,0,762.5,O
Trades,Data,Order,Stocks,USD,GME,"2021-03-18, 09:56:31",50,202.5,201.75,-10125,-1,10498.9405,372.9405,-37.5,C;P
Trades,Data,Order,Stocks,USD,GME,"2021-03-18, 15:56:13",50,199.65,201.75,-9982.5,-1,10743.93925,760.43925,105,C
Trades,Data,Order,Stocks,USD,GME,"2021-03-18, 16:21:01",-50,201.25,201.75,10062.5,-1.05726875,-10061.44273,0,-25,O;P
Trades,Data,Order,Stocks,USD,GME,"2021-03-19, 09:36:03",50,190.5,200.27,-9525,-1,11248.93668,1722.936676,488.5,C;P
Trades,Data,Order,Stocks,USD,GME,"2021-03-19, 09:40:46",50,185.5,200.27,-9275,-1,11000.93794,1724.93794,738.5,C;P
Trades,Data,Order,Stocks,USD,GME,"2021-03-19, 11:42:54",-50,195.75,200.27,9787.5,-1.05586625,-9786.444134,0,-226,O
Trades,Data,Order,Stocks,USD,GME,"2021-03-19, 11:55:28",-50,209.26,200.27,10463,-1.0593113,-10461.94069,0,449.5,O
Trades,Data,Order,Stocks,USD,GME,"2021-03-19, 12:37:06",-50,224.49,200.27,11224.5,-1.06319495,-11223.43681,0,1211,O
Trades,Data,Order,Stocks,USD,GME,"2021-03-19, 13:27:03",50,210.5,200.27,-10525,-1,10848.93872,322.938715,-511.5,C
Trades,Data,Order,Stocks,USD,GME,"2021-03-19, 16:05:46",200,199,200.27,-39800,-1,41533.26436,1732.26436,254,C;P
Trades,Data,Order,Stocks,USD,GME,"2021-03-19, 16:20:00",-200,200,200.27,40000,-0.2278,-39999.7722,0,-54,A;O
Trades,Data,Order,Stocks,USD,GME,"2021-03-22, 06:19:06",200,196.7998,194.49,-39359.96,-1,45799.03242,6438.07242,-461.96,C;P
Trades,Data,Order,Stocks,USD,GME,"2021-03-22, 12:43:51",100,187.33,194.49,-18733,-1,18734,0,716,O
Trades,Data,Order,Stocks,USD,GME,"2021-03-22, 15:38:07",-100,192.66,194.49,19266,-1.1101566,-18734,530.889843,-183,C
Trades,Data,Order,Stocks,USD,GME,"2021-03-23, 10:36:56",100,186,181.75,-18600,-1,18601,0,-425,O
Trades,Data,Order,Stocks,USD,GME,"2021-03-23, 13:16:10",-100,188.5,181.75,18850,-1.108035,-18601,247.891964,675,C;P
Trades,Data,Order,Stocks,USD,GME,"2021-03-23, 14:52:11",100,181,181.75,-18100,-1,18101,0,75,O
Trades,Data,Order,Stocks,USD,GME,"2021-03-23, 15:24:41",-100,184.95,181.75,18495,-1.1062245,-18101,392.893775,320,C;P
Trades,Data,Order,Stocks,USD,GME,"2021-03-23, 16:31:11",-100,193,181.75,19300,-1.11033,-19298.88967,0,1125,O
Trades,Data,Order,Stocks,USD,GME,"2021-03-23, 16:39:17",100,188,181.75,-18800,-1,19298.88967,497.88967,-625,C
Trades,Data,Order,Stocks,USD,GME,"2021-03-23, 17:02:52",100,174,181.75,-17400,-1,17401,0,775,O;P
Trades,Data,Order,Stocks,USD,GME,"2021-03-23, 17:07:20",-100,177,181.75,17700,-1.10217,-17401,297.89783,-475,C;P
Trades,Data,Order,Stocks,USD,GME,"2021-03-23, 17:10:07",-100,179,181.75,17900,-1.10319,-17898.89681,0,-275,O
Trades,Data,Order,Stocks,USD,GME,"2021-03-23, 17:23:24",100,169,181.75,-16900,-1,17898.89681,997.89681,1275,C;P
Trades,Data,Order,Stocks,USD,GME,"2021-03-23, 17:36:53",-100,156.39,181.75,15639,-1.0916589,-15637.90834,0,-2536,O
Trades,Data,Order,Stocks,USD,GME,"2021-03-23, 17:47:40",-100,162.6,181.75,16260,-1.094826,-16258.90517,0,-1915,O
Trades,Data,Order,Stocks,USD,GME,"2021-03-23, 18:37:52",-100,160.4997,181.75,16049.97,-1.093754847,-16048.87625,0,-2125.03,O;P
Trades,Data,Order,Stocks,USD,GME,"2021-03-25, 10:11:46",-100,137,183.75,13700,-1.08177,-13698.91823,0,-4675,O;P
Trades,Data,Order,Stocks,USD,GME,"2021-03-26, 11:29:33",100,177.5,181,-17750,-1,15637.90834,-2113.091659,350,C
Trades,Data,Order,Stocks,USD,GME,"2021-03-26, 11:31:29",-100,183.5,181,18350,-1.105485,-18348.89452,0,250,O
Trades,Data,Order,Stocks,USD,GME,"2021-03-26, 13:50:41",100,172.3,181,-17230,-1,16258.90517,-972.094826,870,C;P
Trades,Data,Order,Stocks,USD,GME,"2021-03-26, 14:33:33",-100,176.2,181,17620,-1.101762,-17618.89824,0,-480,O
Trades,Data,Order,Stocks,USD,GME,"2021-04-05, 06:39:43",100,171.902,186.95,-17190.2,-1,16048.87625,-1142.323754,1504.8,C;P
Trades,Data,Order,Stocks,USD,GME,"2021-04-05, 06:48:43",100,157.999,186.95,-15799.9,-1,13698.91823,-2101.98177,2895.1,C;P
Trades,Data,Order,Stocks,USD,GME,"2021-04-05, 08:15:07",-100,168,186.95,16800,-1.09758,-16798.90242,0,-1895,O
Trades,Data,Order,Stocks,USD,GME,"2021-04-05, 08:50:14",-100,170,186.95,17000,-1.0986,-16998.9014,0,-1695,O
Trades,Data,Order,Stocks,USD,GME,"2021-04-05, 09:39:25",100,165,186.95,-16500,-1,18348.89452,1847.894515,2195,C
Trades,Data,Order,Stocks,USD,GME,"2021-04-05, 09:48:50",-100,176.525,186.95,17652.5,-1.10192775,-17651.39807,0,-1042.5,O;P
Trades,Data,Order,Stocks,USD,GME,"2021-04-05, 09:51:40",-100,180.01,186.95,18001,-1.1037051,-17999.89629,0,-694,O;P
Trades,Data,Order,Stocks,USD,GME,"2021-04-05, 10:02:31",100,175.15,186.95,-17515,-1,17618.89824,102.898239,1180,C;P
Trades,Data,Order,Stocks,USD,GME,"2021-04-05, 11:13:43",-100,186.034,186.95,18603.4,-1.10677734,-18602.29322,0,-91.6,O;P
Trades,Data,Order,Stocks,USD,GME,"2021-04-05, 12:44:17",100,181.55,186.95,-18155,-1,16798.90242,-1357.09758,540,C
Trades,Data,Order,Stocks,USD,GME,"2021-04-05, 16:05:36",-100,186.95,186.95,18695,-1.1072445,-18693.89276,0,0,O
Trades,Data,Order,Stocks,USD,GME,"2021-04-07, 07:43:39",100,182.05,177.97,-18205,-1,16998.9014,-1207.0986,-408,C;P
Trades,Data,Order,Stocks,USD,GME,"2021-04-08, 04:13:51",100,175.5,170.26,-17550,-1,17651.39807,100.398072,-524,C
Trades,Data,Order,Stocks,USD,GME,"2021-04-08, 08:11:46",-100,186,170.26,18600,-1.10676,-18598.89324,0,1574,O;P
Trades,Data,Order,Stocks,USD,GME,"2021-04-08, 14:09:32",100,172.55,170.26,-17255,-1,17999.8963,743.896295,-229,C;P
Trades,Data,Order,Stocks,USD,GME,"2021-04-08, 14:38:28",100,167.55,170.26,-16755,-1,18602.29322,1846.293223,271,C
Trades,Data,Order,Stocks,USD,GME,"2021-04-09, 04:03:20",-100,172.55,158.36,17255,-1.0999005,-17253.9001,0,1419,O;P
Trades,Data,Order,Stocks,USD,GME,"2021-04-09, 12:29:51",100,162.38,158.36,-16238,-1,18693.89276,2454.892756,-402,C
Trades,Data,Order,Stocks,USD,GME,"2021-04-09, 13:10:57",100,157.5,158.36,-15750,-1,18598.89324,2847.89324,86,C;P
Trades,Data,Order,Stocks,USD,GME,"2021-04-12, 04:08:02",-100,163.5,141.09,16350,-1.095285,-16348.90472,0,2241,O;P
Trades,Data,Order,Stocks,USD,GME,"2021-04-12, 09:48:13",100,151.5,141.09,-15150,-1,17253.9001,2102.9001,-1041,C;P
Trades,Data,Order,Stocks,USD,GME,"2021-04-12, 09:56:37",100,145.51,141.09,-14551,-1,16348.90472,1796.904715,-442,C
Trades,Data,Order,Stocks,USD,GME,"2021-04-12, 14:20:23",100,136.5,141.09,-13650,-1,13651,0,459,O;P
Trades,Data,Order,Stocks,USD,GME,"2021-04-12, 15:23:25",-100,141.5,141.09,14150,-1.084065,-13651,497.915935,41,C
Trades,Data,Order,Stocks,USD,GME,"2021-04-14, 09:32:58",-100,151.5,166.53,15150,-1.089165,-15148.91084,0,-1503,O
Trades,Data,Order,Stocks,USD,GME,"2021-04-14, 11:15:59",-100,163.69,166.53,16369,-1.0953819,-16367.90462,0,-284,O
Trades,Data,Order,Stocks,USD,GME,"2021-04-15, 10:24:45",100,153.05,156.44,-15305,-1,15148.91084,-157.089165,339,C;P
Trades,Data,Order,Stocks,USD,GME,"2021-04-15, 14:04:08",-100,163.26,156.44,16326,-1.0951626,-16324.90484,0,682,O
Trades,Data,Order,Stocks,USD,GME,"2021-04-16, 09:31:37",100,153.26,154.69,-15326,-1,16367.90462,1040.904618,143,C
Trades,Data,Order,Stocks,USD,GME,"2021-04-16, 11:06:09",-100,158.49,154.69,15849,-1.0927299,-15847.90727,0,380,O
Trades,Data,Order,Stocks,USD,GME,"2021-04-16, 12:11:31",100,153.51,154.69,-15351,-1,16324.90484,972.904837,118,C
Trades,Data,Order,Stocks,USD,GME,"2021-04-16, 17:50:33",-100,158.5,154.69,15850,-1.092735,-15848.90727,0,381,O;P
Trades,Data,Order,Stocks,USD,GME,"2021-04-22, 13:07:02",100,152.51,151.17,-15251,-1,15847.90727,595.90727,-134,C
Trades,Data,Order,Stocks,USD,GME,"2021-04-26, 13:21:49",-100,166.96,168.93,16696,-1.0970496,-16694.90295,0,-197,O
Trades,Data,Order,Stocks,USD,GME,"2021-04-26, 15:09:40",-100,172.9,168.93,17290,-1.100079,-17288.89992,0,397,O;P
Trades,Data,Order,Stocks,USD,GME,"2021-05-03, 11:30:02",100,164.1,162.2,-16410,-1,15848.90727,-562.092735,-190,C;P
Trades,Data,Order,Stocks,USD,GME,"2021-05-03, 13:23:59",100,160.25,162.2,-16025,-1,16694.90295,668.902949,195,C;P
Trades,Data,Order,Stocks,USD,GME,"2021-05-11, 07:37:40",100,141.51,146.92,-14151,-1,17288.89992,3136.899921,541,C
Trades,Data,Order,Stocks,USD,GME,"2021-05-12, 16:53:20",-100,145.2956,144.79,14529.56,-1.086000756,-14528.474,0,50.56,O;P
Trades,Data,Order,Stocks,USD,GME,"2021-05-13, 15:56:02",-100,164.01,164.5,16401,-1.0955451,-16399.90445,0,-49,O
Trades,Data,Order,Stocks,USD,GME,"2021-05-14, 09:40:28",100,157.66,159.92,-15766,-1,14528.474,-1238.526,226,C
Trades,Data,Order,Stocks,USD,GME,"2021-05-14, 10:29:23",-100,164,159.92,16400,-1.09554,-16398.90446,0,408,O
Trades,Data,Order,Stocks,USD,GME,"2021-05-14, 14:00:31",100,159,159.92,-15900,-1,16399.90446,498.904455,92,C
Trades,Data,Order,Stocks,USD,GME,"2021-05-17, 09:57:18",-100,165,180.6,16500,-1.09605,-16498.90395,0,-1560,O
Trades,Data,Order,Stocks,USD,GME,"2021-05-17, 15:46:00",-100,179.75,180.6,17975,-1.1035725,-17973.89643,0,-85,O
Trades,Data,Order,Stocks,USD,GME,"2021-05-18, 09:44:15",100,170.5,180.67,-17050,-1,16398.90446,-652.09554,1017,C
Trades,Data,Order,Stocks,USD,GME,"2021-05-18, 11:15:02",-100,180.6,180.67,18060,-1.104006,-18058.89599,0,-7,O
Trades,Data,Order,Stocks,USD,GME,"2021-05-19, 11:48:43",100,169.99,168.83,-16999,-1,16498.90395,-501.09605,-116,C
Trades,Data,Order,Stocks,USD,GME,"2021-05-24, 12:24:53",-100,186.53,180.01,18653,-1.1070303,-18651.89297,0,652,O
Trades,SubTotal,,Stocks,USD,GME,,-300,,,4054.33,-131.5361254,-60947.59335,-42403.29947,-41543.67,
Trades,Data,Order,Stocks,USD,HMY,"2021-02-22, 17:25:30","5,000",4.145248,4.15,-20726.24,-25,20751.24,0,23.76,O;P
Trades,Data,Order,Stocks,USD,HMY,"2021-03-09, 18:56:08",-344,4.56,4.52,1568.64,-1.768936064,-1425.88,140.991063,13.76,C;P
Trades,Data,Order,Stocks,USD,HMY,"2021-03-10, 08:36:16","-4,656",4.56,4.58,21231.36,-23.94234394,-19325.36,1882.057656,-93.12,C;P
Trades,SubTotal,,Stocks,USD,HMY,,0,,,2073.76,-50.71128,0,2023.048719,-55.6,
Trades,Data,Order,Stocks,USD,MBT,"2021-03-05, 15:34:54","3,000",8.515,8.51,-25545,-15,25560,0,-15,O;P
Trades,Data,Order,Stocks,USD,MBT,"2021-06-08, 14:05:31","-3,000",9.45,9.49,28350,-15.501585,-25560,2774.498415,-120,C;P
Trades,SubTotal,,Stocks,USD,MBT,,0,,,2805,-30.501585,0,2774.498415,-135,
Trades,Data,Order,Stocks,USD,NEM,"2021-02-17, 08:16:21",700,57.5,56.99,-40250,-3.5,40253.5,0,-357,O;P
Trades,Data,Order,Stocks,USD,NEM,"2021-03-15, 15:07:53",-700,61.375,61.42,42962.5,-3.80240875,-40253.5,2705.197593,-31.5,C;P
Trades,SubTotal,,Stocks,USD,NEM,,0,,,2712.5,-7.30240875,0,2705.197593,-388.5,
Trades,Data,Order,Stocks,USD,PAASF,"2021-05-10, 10:15:13","-7,500",0.95,0.95,7125,-38.4288375,-7628.087903,-541.516734,0,C
Trades,SubTotal,,Stocks,USD,PAASF,,-7500,,,7125,-38.4288375,-7628.087903,-541.516734,0,
Trades,Data,Order,Stocks,USD,PBR,"2021-02-22, 17:19:14",312,8.08,7.94,-2520.96,-1.56,2522.52,0,-43.68,O;P
Trades,Data,Order,Stocks,USD,PBR,"2021-02-22, 17:20:02","2,688",8.09,7.94,-21745.92,-13.44,21759.36,0,-403.2,O;P
Trades,Data,Order,Stocks,USD,PBR,"2021-02-23, 08:12:16","-3,000",8.5,8.47,25500,-15.48705,-24281.88,1202.63295,90,C;P
Trades,Data,Order,Stocks,USD,PBR,"2021-02-26, 15:09:44","4,000",7.88985,7.93,-31559.4,-20,31579.4,0,160.6,O;P
Trades,Data,Order,Stocks,USD,PBR,"2021-03-05, 16:27:33","-4,000",7.70825,7.76,30833,-20.6332483,-31579.4,-767.033248,-207,C;P
Trades,SubTotal,,Stocks,USD,PBR,,0,,,506.72,-71.1202983,0,435.599702,-403.28,
Trades,Data,Order,Stocks,USD,QQQ,"2021-03-18, 17:22:30",100,312.5,312.04,-31250,-1,31251,0,-46,O
Trades,Data,Order,Stocks,USD,QQQ,"2021-03-23, 10:37:48",-100,318.55,317.22,31855,-1.1743605,-31251,602.825639,133,C
Trades,SubTotal,,Stocks,USD,QQQ,,0,,,605,-2.1743605,0,602.825639,87,
Trades,Total,,Stocks,USD,,,,,,25562.92,-482.7880732,-68575.68125,-28874.04932,-42071.44, 
Trades,Header,DataDiscriminator,Asset Category,Currency,Symbol,Date/Time,Quantity,T. Price,C. Price,Proceeds,Comm/Fee,Basis,Realized P/L,MTM P/L,Code
Trades,Data,Order,Equity and Index Options,CHF,NESN 19MAR21 98.0 P,"2021-02-18, 06:34:36",-2,1,1.29,200,-3.4,-196.6,0,-58,O
Trades,Data,Order,Equity and Index Options,CHF,NESN 19MAR21 98.0 P,"2021-03-19, 15:00:00",2,0,0.0001,0,0,196.6,196.6,0.02,C;Ep
Trades,SubTotal,,Equity and Index Options,CHF,NESN 19MAR21 98.0 P,,0,,,200,-3.4,0,196.6,-57.98,
Trades,Total,,Equity and Index Options,CHF,,,,,,200,-3.4,0,196.6,-57.98, 
Trades,Total,,Equity and Index Options,USD,,,,,,223.24,-3.79508,-7.864,211.58092,-64.718076, 
Trades,Data,Order,Equity and Index Options,USD,CI 16APR21 190.0 P,"2021-02-22, 09:30:32",-1,6,4.1519,600,-1.08906,-598.91094,0,184.81,O
Trades,Data,Order,Equity and Index Options,USD,CI 16APR21 190.0 P,"2021-02-25, 15:51:00",1,4.3,4.489,-430,-0.6538,598.91094,168.25714,18.9,C
Trades,SubTotal,,Equity and Index Options,USD,CI 16APR21 190.0 P,,0,,,170,-1.74286,0,168.25714,203.71,
Trades,Data,Order,Equity and Index Options,USD,COP 20AUG21 55.0 C,"2021-04-09, 15:55:55",10,2.67,2.6809,-2670,-7.328,2677.328,0,10.9,O;P
Trades,SubTotal,,Equity and Index Options,USD,COP 20AUG21 55.0 C,,10,,,-2670,-7.328,2677.328,0,10.9,
Trades,Data,Order,Equity and Index Options,USD,COP 20AUG21 60.0 C,"2021-04-09, 15:53:28",-10,1.3,1.485,1300,-4.37673,-1295.62327,0,-185,O
Trades,SubTotal,,Equity and Index Options,USD,COP 20AUG21 60.0 C,,-10,,,1300,-4.37673,-1295.62327,0,-185,
Trades,Data,Order,Equity and Index Options,USD,COP 20AUG21 47.0 P,"2021-04-09, 15:56:38",-10,2.86,2.8893,2860,-4.411206,-2855.588794,0,-29.3,O
Trades,SubTotal,,Equity and Index Options,USD,COP 20AUG21 47.0 P,,-10,,,2860,-4.411206,-2855.588794,0,-29.3,
Trades,Data,Order,Equity and Index Options,USD,GME 05FEB21 400.0 C,"2021-02-01, 09:46:47",-1,52.9,20.8026,5290,-1.202709,-5288.797291,0,3209.74,O
Trades,Data,Order,Equity and Index Options,USD,GME 05FEB21 400.0 C,"2021-02-01, 10:35:20",-1,34,20.8026,3400,-0.73094,-3399.26906,0,1319.74,O
Trades,Data,Order,Equity and Index Options,USD,GME 05FEB21 400.0 C,"2021-02-05, 16:20:00",2,0,0,0,0,8688.066351,8688.066351,0,C;Ep
Trades,SubTotal,,Equity and Index Options,USD,GME 05FEB21 400.0 C,,0,,,8690,-1.933649,0,8688.066351,4529.48,
Trades,Data,Order,Equity and Index Options,USD,GME 12FEB21 200.0 C,"2021-02-02, 13:15:02",-1,22.5,12.0191,2250,-1.125525,-2248.874475,0,1048.09,O
Trades,Data,Order,Equity and Index Options,USD,GME 12FEB21 200.0 C,"2021-02-12, 16:20:00",1,0,0,0,0,2248.874475,2248.874475,0,C;Ep
Trades,SubTotal,,Equity and Index Options,USD,GME 12FEB21 200.0 C,,0,,,2250,-1.125525,0,2248.874475,1048.09,
Trades,Data,Order,Equity and Index Options,USD,GME 05MAR21 45.0 C,"2021-02-12, 13:20:23",-2,12.8,12.9592,2560,-0.668176,-2559.331824,0,-31.84,O
Trades,Data,Order,Equity and Index Options,USD,GME 05MAR21 45.0 C,"2021-03-05, 16:20:00",2,0,92.74,0,0,2559.331824,0,18548,A;C
Trades,SubTotal,,Equity and Index Options,USD,GME 05MAR21 45.0 C,,0,,,2560,-0.668176,0,0,18516.16,
Trades,Data,Order,Equity and Index Options,USD,GME 19MAR21 200.0 C,"2021-03-08, 10:49:40",-2,29,46.9507,5800,-0.73978,-5799.26022,0,-3590.14,O
Trades,Data,Order,Equity and Index Options,USD,GME 19MAR21 200.0 C,"2021-03-19, 16:20:00",2,0,0.27,0,0,5799.26022,0,54,A;C
Trades,SubTotal,,Equity and Index Options,USD,GME 19MAR21 200.0 C,,0,,,5800,-0.73978,0,0,-3536.14,
Trades,Data,Order,Equity and Index Options,USD,GME 07MAY21 250.0 C,"2021-04-19, 10:35:46",-1,12.2,8.3413,1220,-0.811762,-1219.188238,0,385.87,O
Trades,Data,Order,Equity and Index Options,USD,GME 07MAY21 250.0 C,"2021-05-03, 15:43:38",1,0.99,0.9396,-99,-1.5628,1219.188238,1118.625438,-5.04,C
Trades,SubTotal,,Equity and Index Options,USD,GME 07MAY21 250.0 C,,0,,,1121,-2.374562,0,1118.625438,380.83,
Trades,Data,Order,Equity and Index Options,USD,GME 21MAY21 140.0 P,"2021-05-10, 10:45:23",-1,5.5,9.25,550,-1.096955,-548.903045,0,-375,O
Trades,Data,Order,Equity and Index Options,USD,GME 21MAY21 140.0 P,"2021-05-17, 15:02:44",1,0.65,0.525,-65,-0.7828,548.903045,483.120245,-12.5,C
Trades,SubTotal,,Equity and Index Options,USD,GME 21MAY21 140.0 P,,0,,,485,-1.879755,0,483.120245,-387.5,
Trades,Data,Order,Equity and Index Options,USD,NVT 19MAR21 22.5 P,"2021-02-12, 15:49:00",-10,0.7,0.6501,700,1.12653,-701.12653,0,49.9,O
Trades,Data,Order,Equity and Index Options,USD,NVT 19MAR21 22.5 P,"2021-03-19, 16:20:00",10,0,0,0,0,701.12653,701.12653,0,C;Ep
Trades,SubTotal,,Equity and Index Options,USD,NVT 19MAR21 22.5 P,,0,,,700,1.12653,0,701.12653,49.9,
Trades,Data,Order,Equity and Index Options,USD,QRVO 20AUG21 140.0 P,"2021-02-04, 14:48:31",-3,10.8,10.459,3240,-0.029004,-3239.970996,0,102.3,O
Trades,Data,Order,Equity and Index Options,USD,QRVO 20AUG21 140.0 P,"2021-04-01, 15:55:09",3,2.92,2.8487,-876,-2.1984,3239.970996,2361.772596,-21.39,C;P
Trades,SubTotal,,Equity and Index Options,USD,QRVO 20AUG21 140.0 P,,0,,,2364,-2.227404,0,2361.772596,80.91,
Trades,Data,Order,Equity and Index Options,USD,SPX 16JUL21 3700.0 P,"2021-05-25, 09:30:02",1,20,20.65,-2000,-1.5328,2001.5328,0,65,O
Trades,SubTotal,,Equity and Index Options,USD,SPX 16JUL21 3700.0 P,,1,,,-2000,-1.5328,2001.5328,0,65,
Trades,Data,Order,Equity and Index Options,USD,SPX 20AUG21 3700.0 P,"2021-05-25, 09:30:02",1,41.6,42.8,-4160,-1.5328,4161.5328,0,120,O
Trades,SubTotal,,Equity and Index Options,USD,SPX 20AUG21 3700.0 P,,1,,,-4160,-1.5328,4161.5328,0,120,
Trades,Data,Order,Equity and Index Options,USD,TSLA 19MAR21 700.0 P,"2021-01-07, 11:39:12",1,54,49.775,-5400,-1.0738,5401.0738,0,-422.5,O
Trades,Data,Order,Equity and Index Options,USD,TSLA 19MAR21 700.0 P,"2021-02-23, 09:34:42",-1,78.46,48.7137,7846,-1.2591966,-5401.0738,2443.667003,2974.63,C
Trades,SubTotal,,Equity and Index Options,USD,TSLA 19MAR21 700.0 P,,0,,,2446,-2.3329966,0,2443.667003,2552.13,
Trades,Data,Order,Equity and Index Options,USD,TSLA 16APR21 500.0 P,"2021-03-04, 13:19:26",-1,24,20.725,2400,-0.70884,-2399.29116,0,327.5,O
Trades,Data,Order,Equity and Index Options,USD,TSLA 16APR21 500.0 P,"2021-04-01, 15:56:15",1,1.91,1.9263,-191,-1.0828,2399.29116,2207.20836,1.63,C
Trades,SubTotal,,Equity and Index Options,USD,TSLA 16APR21 500.0 P,,0,,,2209,-1.79164,0,2207.20836,329.13,
Trades,Data,Order,Equity and Index Options,USD,TSLA 16JUL21 400.0 P,"2021-05-13, 15:55:32",-1,11.4,11.3906,1140,-0.809994,-1139.190006,0,0.94,O
Trades,Data,Order,Equity and Index Options,USD,TSLA 16JUL21 400.0 P,"2021-05-26, 10:29:01",1,3,2.805,-300,-0.7828,1139.190006,838.407206,-19.5,C
Trades,SubTotal,,Equity and Index Options,USD,TSLA 16JUL21 400.0 P,,0,,,840,-1.592794,0,838.407206,-18.56,
Trades,Total,,Equity and Index Options,USD,,,,,,24965,-36.4641476,4689.181536,21259.12534,23729.74, 
Trades,Header,DataDiscriminator,Asset Category,Currency,Symbol,Date/Time,Quantity,T. Price,C. Price,Notional Value,Comm/Fee,Basis,Realized P/L,MTM P/L,Code
Trades,Data,Order,Futures,USD,6AH1,"2021-01-07, 09:56:24",1,0.77385,0.77625,-77385,-2.47,77387.47,0,240,O
Trades,Data,Order,Futures,USD,6AH1,"2021-01-07, 09:56:53",1,0.7739,0.77625,-77390,-2.47,77392.47,0,235,O
Trades,Data,Order,Futures,USD,6AH1,"2021-01-21, 07:48:10",-2,0.778,0.77615,155600,-4.94,-154779.94,815.12,370,C
Trades,Data,Order,Futures,USD,6AH1,"2021-01-27, 15:36:31",3,0.7657,0.7666,-229710,-7.41,229717.41,0,270,O
Trades,Data,Order,Futures,USD,6AH1,"2021-01-28, 13:53:07",-3,0.76935,0.7697,230805,-7.41,-229717.41,1080.18,-105,C
Trades,Data,Order,Futures,USD,6AH1,"2021-01-29, 16:08:06",1,0.764,0.76415,-76400,-2.47,76402.47,0,15,O
Trades,Data,Order,Futures,USD,6AH1,"2021-01-29, 16:08:33",2,0.76405,0.76415,-152810,-4.94,152814.94,0,20,O
Trades,Data,Order,Futures,USD,6AH1,"2021-02-08, 10:36:55",-3,0.771,0.7705,231300,-7.41,-229217.41,2075.18,150,C
Trades,Data,Order,Futures,USD,6AH1,"2021-02-18, 16:31:12",1,0.7773,0.77685,-77730,-2.47,77732.47,0,-45,O
Trades,Data,Order,Futures,USD,6AH1,"2021-02-19, 07:15:22",-1,0.7847,0.7866,78470,-2.47,-77732.47,735.06,-190,C
Trades,Data,Order,Futures,USD,6AH1,"2021-03-07, 19:13:10",3,0.77035,0.76625,-231105,-7.41,231112.41,0,-1230,O
Trades,Data,Order,Futures,USD,6AH1,"2021-03-08, 16:18:01",3,0.7643,0.76625,-229290,-7.41,229297.41,0,585,O
Trades,Data,Order,Futures,USD,6AH1,"2021-03-09, 04:14:22",-6,0.770333333,0.77165,462200,-14.82,-460409.82,1775.36,-790,C;P
Trades,SubTotal,,Futures,USD,6AH1,,0,,,6555,-74.1,0,6480.9,-475,
Trades,Data,Order,Futures,USD,6EM1,"2021-03-17, 17:15:00",1,1.2,1.20005,-150000,0,150000,0,6.25,A;O
Trades,Data,Order,Futures,USD,6EM1,"2021-03-22, 09:43:28",1,1.1934,1.19635,-149175,-2.47,149177.47,0,368.75,O
Trades,Data,Order,Futures,USD,6EM1,"2021-03-23, 15:39:02",2,1.18715,1.1873,-296787.5,-4.94,296792.44,0,37.5,O
Trades,Data,Order,Futures,USD,6EM1,"2021-04-14, 17:15:00",-4,1.1925,1.1986,596250,0,-594912.35,2317.89,-3050,A;C
Trades,SubTotal,,Futures,USD,6EM1,,0,,,287.5,-7.41,1057.56,2317.89,-2637.5,
Trades,Data,Order,Futures,USD,S30YK1,"2021-04-15, 11:55:48",1,22.23,22.77,-2223,-0.295,2223.295,0,54,O
Trades,Data,Order,Futures,USD,S30YK1,"2021-05-20, 09:40:49",-1,23.45,23.35,2345,-0.295,-2223.295,121.41,10,C;L
Trades,SubTotal,,Futures,USD,S30YK1,,0,,,122,-0.59,0,121.41,64,
Trades,Data,Order,Futures,USD,ZB   JUN 21,"2021-04-15, 15:21:22",-1,158.75,159,158750,-1.67,-158748.33,0,-250,O
Trades,Data,Order,Futures,USD,ZB   JUN 21,"2021-04-16, 10:09:57",1,157.84375,158,-157843.75,-1.67,158748.33,902.91,156.25,C
Trades,SubTotal,,Futures,USD,ZB   JUN 21,,0,,,906.25,-3.34,0,902.91,-93.75,
Trades,Data,Order,Futures,USD,ZN   JUN 21,"2021-04-15, 12:03:42",-1,132.5,132.65625,132500,-1.62,-132498.38,0,-156.25,O
Trades,Data,Order,Futures,USD,ZN   JUN 21,"2021-04-28, 02:57:36",1,131.921875,132.09375,-131921.875,-1.62,132498.38,574.885,171.875,C
Trades,SubTotal,,Futures,USD,ZN   JUN 21,,0,,,578.125,-3.24,0,574.885,15.625,
Trades,Data,Order,Futures,USD,ZN   SEP 21,"2021-05-25, 04:22:25",-1,131.84375,132.078125,131843.75,-1.62,-131842.13,0,-234.375,O
Trades,SubTotal,,Futures,USD,ZN   SEP 21,,-1,,,131843.75,-1.62,-131842.13,0,-234.375,
Trades,Total,,Futures,USD,,,,,,140292.625,-90.3,-130784.57,10397.995,-3361, 
Trades,Header,DataDiscriminator,Asset Category,Currency,Symbol,Date/Time,Quantity,T. Price,C. Price,Proceeds,Comm/Fee,Basis,Realized P/L,MTM P/L,Code
Trades,Data,Order,Options On Futures,USD,AUD 09APR21 0.76 P,"2021-03-23, 05:18:44",-3,0.004,0.0053,1200,-7.41,-1192.59,0,-390,O
Trades,Data,Order,Options On Futures,USD,AUD 09APR21 0.76 P,"2021-04-09, 17:15:00",3,0,0,0,0,1192.59,1192.59,0,C;Ep
Trades,SubTotal,,Options On Futures,USD,AUD 09APR21 0.76 P,,0,,,1200,-7.41,0,1192.59,-390,
Trades,Data,Order,Options On Futures,USD,GC APR21 1700.0 P,"2021-02-19, 12:29:56",-1,10,11.1,1000,-2.37,-997.63,0,-110,O
Trades,Data,Order,Options On Futures,USD,GC APR21 1700.0 P,"2021-02-25, 07:46:28",1,8.2,10.7,-820,-2.37,997.63,175.26,250,C
Trades,SubTotal,,Options On Futures,USD,GC APR21 1700.0 P,,0,,,180,-4.74,0,175.26,140,
Trades,Data,Order,Options On Futures,USD,EUR 03MAR21 1.215 C,"2021-02-18, 08:17:05",-4,0.0024,0.0024,1200,-9.88,-1190.12,0,0,O
Trades,Data,Order,Options On Futures,USD,EUR 03MAR21 1.215 C,"2021-02-19, 02:52:15",-2,0.003,0.0031,750,-4.94,-745.06,0,-25,O
Trades,Data,Order,Options On Futures,USD,EUR 03MAR21 1.215 C,"2021-02-22, 05:48:23",-2,0.0037,0.0058,925,-4.94,-920.06,0,-525,O
Trades,Data,Order,Options On Futures,USD,EUR 03MAR21 1.215 C,"2021-02-26, 15:05:43",8,0.0016,0.0015,-1600,-19.76,2855.24,1235.48,-100,C
Trades,SubTotal,,Options On Futures,USD,EUR 03MAR21 1.215 C,,0,,,1275,-39.52,0,1235.48,-650,
Trades,Data,Order,Options On Futures,USD,EUR 07APR21 1.19 P,"2021-03-18, 12:07:28",-1,0.0044,0.005,550,-2.47,-547.53,0,-75,O
Trades,Data,Order,Options On Futures,USD,EUR 07APR21 1.19 P,"2021-04-07, 17:15:00",1,0,0,0,0,547.53,547.53,0,C;Ep
Trades,SubTotal,,Options On Futures,USD,EUR 07APR21 1.19 P,,0,,,550,-2.47,0,547.53,-75,
Trades,Data,Order,Options On Futures,USD,EUR 14APR21 1.1925 C,"2021-04-06, 12:45:17",-4,0.002,0.0027,1000,-9.88,-990.12,0,-350,O
Trades,Data,Order,Options On Futures,USD,EUR 14APR21 1.1925 C,"2021-04-14, 17:15:00",4,0,0.0048,0,-9.88,990.12,0,2400,A;C
Trades,SubTotal,,Options On Futures,USD,EUR 14APR21 1.1925 C,,0,,,1000,-19.76,0,0,2050,
Trades,Data,Order,Options On Futures,USD,EUR 17MAR21 1.2 P,"2021-03-01, 08:26:26",-4,0.0036,0.0033,1800,-9.88,-1790.12,0,150,O
Trades,Data,Order,Options On Futures,USD,EUR 17MAR21 1.2 P,"2021-03-03, 14:51:41",4,0.0024,0.0024,-1200,-9.88,1790.12,580.24,0,C
Trades,Data,Order,Options On Futures,USD,EUR 17MAR21 1.2 P,"2021-03-05, 08:47:39",-1,0.0085,0.0091,1062.5,-2.47,-1060.03,0,-75,O
Trades,Data,Order,Options On Futures,USD,EUR 17MAR21 1.2 P,"2021-03-17, 17:15:00",1,0,0.0075,0,-2.47,1060.03,0,937.5,A;C
Trades,SubTotal,,Options On Futures,USD,EUR 17MAR21 1.2 P,,0,,,1662.5,-24.7,0,580.24,1012.5,
Trades,Data,Order,Options On Futures,USD,EUR 24FEB21 1.215 C,"2021-02-12, 14:52:07",-9,0.0031,0.0031,3487.5,-22.23,-3465.27,0,0,O
Trades,Data,Order,Options On Futures,USD,EUR 24FEB21 1.215 C,"2021-02-17, 08:40:52",9,0.001,0.0007,-1125,-22.23,3465.27,2318.04,-337.5,C
Trades,SubTotal,,Options On Futures,USD,EUR 24FEB21 1.215 C,,0,,,2362.5,-44.46,0,2318.04,-337.5,
Trades,Total,,Options On Futures,USD,,,,,,8230,-143.06,0,6049.14,1750, 
Trades,Header,DataDiscriminator,Asset Category,Currency,Symbol,Date/Time,Quantity,T. Price,,Proceeds,Comm in USD,,,MTM in USD,Code
Trades,Data,Order,Forex,CAD,USD.CAD,"2021-02-18, 16:30:50","-100,000",1.26732,,126732,-2,,,-36.33304,
Trades,Data,Order,Forex,CAD,USD.CAD,"2021-02-19, 07:15:45","100,000",1.26289,,-126289,-2,,,-106.76452,
Trades,SubTotal,,Forex,CAD,USD.CAD,,0,,,443,-4,,,-143.09756,
Trades,Total,,Forex,CAD,,,,,,443,-4,,,-143.09756, 
Trades,Total,,Forex,USD,,,,,,-143.09756,-4,,,-143.09756, 
Trades,Data,Order,Forex,CHF,USD.CHF,"2021-01-20, 20:16:24",0.5507,0.88975,,-0.489985325,0,,,-0.002836,
Trades,SubTotal,,Forex,CHF,USD.CHF,,0.5507,,,-0.489985325,0,,,-0.002836,
Trades,Total,,Forex,CHF,,,,,,-0.489985325,0,,,-0.002836, 
Trades,Total,,Forex,USD,,,,,,-0.553536422,0,,,-0.002836, 
Trades,Data,Order,Forex,JPY,EUR.JPY,"2021-02-08, 06:05:51","-500,000",127.06,,63530000,-12.05846066,,,1219.237,
Trades,Data,Order,Forex,JPY,EUR.JPY,"2021-02-08, 11:03:11","500,000",126.7,,-63350000,-12.02429534,,,491.285,
Trades,SubTotal,,Forex,JPY,EUR.JPY,,0,,,180000,-24.082756,,,1710.522,
Trades,Data,Order,Forex,JPY,USD.JPY,"2021-01-21, 07:50:21",323,103.395,,-33396.585,-2,,,0.315516,
Trades,Data,Order,Forex,JPY,USD.JPY,"2021-02-10, 15:18:15","1,722",104.655,,-180215.91,-2,,,-0.990251,
Trades,Data,Order,Forex,JPY,USD.JPY,"2021-03-03, 14:52:14","1,168",106.955,,-124923.44,-2,,,0.727869,
Trades,SubTotal,,Forex,JPY,USD.JPY,,3213,,,-338535.935,-6,,,0.053134,
Trades,Total,,Forex,JPY,,,,,,-158535.935,-30.082756,,,1710.575134, 
Trades,Total,,Forex,USD,,,,,,-1502.424865,-30.082756,,,1710.575134, 
Trades,Data,Order,Forex,USD,AUD.USD,"2021-03-23, 09:43:37","1,000,000",0.76789,,-767890,-15.3578,,,-5330,
Trades,Data,Order,Forex,USD,AUD.USD,"2021-03-23, 13:58:28","-1,000,000",0.76524,,765240,-15.3048,,,2680,
Trades,SubTotal,,Forex,USD,AUD.USD,,0,,,-2650,-30.6626,,,-2650,
Trades,Data,Order,Forex,USD,CHF.USD,"2021-01-18, 15:49:36","-4,419",1.12245,,4960.10655,-2,,,-0.66285,
Trades,SubTotal,,Forex,USD,CHF.USD,,-4419,,,4960.10655,-2,,,-0.66285,
Trades,Data,Order,Forex,USD,EUR.USD,"2021-01-07, 05:14:10","20,000",1.22683,,-24536.6,-2,,,1.4,
Trades,Data,Order,Forex,USD,EUR.USD,"2021-01-07, 05:14:24","230,000",1.2267,,-282141,-5.64282,,,46,
Trades,Data,Order,Forex,USD,EUR.USD,"2021-01-13, 18:21:56","250,000",1.21585,,-303962.5,-6.07925,,,-62.5,
Trades,Data,Order,Forex,USD,EUR.USD,"2021-02-01, 07:44:10","500,000",1.20858,,-604290,-12.0858,,,-1290,
Trades,Data,Order,Forex,USD,EUR.USD,"2021-02-22, 10:13:29","-125,000",1.21525,,151906.25,-3.038125,,,-68.75,
Trades,Data,Order,Forex,USD,EUR.USD,"2021-02-22, 12:06:51","-125,000",1.21576,,151970,-3.0394,,,-5,
Trades,Data,Order,Forex,USD,EUR.USD,"2021-02-22, 12:24:21","-125,000",1.21627,,152033.75,-3.040675,,,58.75,
Trades,Data,Order,Forex,USD,EUR.USD,"2021-02-22, 14:42:16","-125,000",1.21676,,152095,-3.0419,,,120,
Trades,Data,Order,Forex,USD,EUR.USD,"2021-02-22, 19:52:39","-125,000",1.21725,,152156.25,-3.043125,,,281.25,
Trades,Data,Order,Forex,USD,EUR.USD,"2021-02-23, 02:48:43","-125,000",1.21777,,152221.25,-3.044425,,,346.25,
Trades,Data,Order,Forex,USD,EUR.USD,"2021-02-23, 10:20:05","125,000",1.21485,,-151856.25,-3.037125,,,18.75,
Trades,Data,Order,Forex,USD,EUR.USD,"2021-02-23, 11:33:22","-125,000",1.21585,,151981.25,-3.039625,,,106.25,
Trades,Data,Order,Forex,USD,EUR.USD,"2021-02-25, 00:13:38","-125,000",1.21825,,152281.25,-3.045625,,,81.25,
Trades,Data,Order,Forex,USD,EUR.USD,"2021-02-25, 02:59:00","-125,000",1.21876,,152345,-3.0469,,,145,
Trades,Data,Order,Forex,USD,EUR.USD,"2021-03-08, 17:16:45","125,000",1.1849,,-148112.5,-2.96225,,,650,
Trades,Data,Order,Forex,USD,EUR.USD,"2021-03-09, 04:10:15","-125,000",1.18967,,148708.75,-2.974175,,,-53.75,
Trades,SubTotal,,Forex,USD,EUR.USD,,0,,,2799.9,-62.16122,,,374.9,
Trades,Data,Order,Forex,USD,GBP.USD,"2021-02-18, 13:45:02","-300,000",1.3971,,419130,-8.3826,,,-90,
Trades,Data,Order,Forex,USD,GBP.USD,"2021-02-19, 07:55:51","300,000",1.40132,,-420396,-8.40792,,,-66,
Trades,SubTotal,,Forex,USD,GBP.USD,,0,,,-1266,-16.79052,,,-156,
Trades,Data,Order,Forex,USD,NZD.USD,"2021-03-23, 07:34:04","100,000",0.70418,,-70418,-2,,,-431,
Trades,Data,Order,Forex,USD,NZD.USD,"2021-03-24, 16:13:38","100,000",0.69705,,-69705,-2,,,-201,
Trades,Data,Order,Forex,USD,NZD.USD,"2021-04-05, 11:27:53","-200,000",0.70682,,141364,-2.82728,,,140,
Trades,SubTotal,,Forex,USD,NZD.USD,,0,,,1241,-6.82728,,,-492,
Trades,Total,,Forex,USD,,,,,,5085.00655,-118.44162,,,-2923.76285, 
Trades,Header,DataDiscriminator,Asset Category,Currency,Symbol,Date/Time,Quantity,T. Price,C. Price,Proceeds,Comm/Fee,Basis,Realized P/L,MTM P/L,Code
Trades,Data,Order,Bonds,USD,ATI 5 7/8 08/15/23 3.90655939%,"2021-03-23, 11:01:37","-25,000",108.125,108.454002,27031.25,-28.25,-26419.25,583.75,-82.2505,C
Trades,SubTotal,,Bonds,USD,ATI 5 7/8 08/15/23,,-25000,,,27031.25,-28.25,-26419.25,583.75,-82.2505,
Trades,Data,Order,Bonds,USD,BRASKM 6.45 02/03/24 2.56073321%,"2021-02-18, 09:05:08","-200,000",111,111.449997,222000,-168.25,-217667.5,4164.25,-899.994,C
Trades,SubTotal,,Bonds,USD,BRASKM 6.45 02/03/24,,-200000,,,222000,-168.25,-217667.5,4164.25,-899.994,
Trades,Data,Order,Bonds,USD,DSPORT 5 3/8 08/15/26 9.98297021%,"2021-02-04, 15:19:26","10,000",80.7,80.699997,-8070,-10,8080,0,-0.0003,O
Trades,SubTotal,,Bonds,USD,DSPORT 5 3/8 08/15/26,,10000,,,-8070,-10,8080,0,-0.0003,
Trades,Data,Order,Bonds,USD,FLR 3 1/2 12/15/24 2.8723186%,"2021-03-23, 10:49:21","-50,000",102.1,102.279999,51050,-20.75,-49522,1507.25,-89.9995,C
Trades,SubTotal,,Bonds,USD,FLR 3 1/2 12/15/24,,-50000,,,51050,-20.75,-49522,1507.25,-89.9995,
Trades,Data,Order,Bonds,USD,MUR 6 7/8 08/15/24 6.45267506%,"2021-02-04, 15:45:37","10,000",100.5,100.5,-10050,-10,10060,0,0,O
Trades,Data,Order,Bonds,USD,MUR 6 7/8 08/15/24 5.40151583%,"2021-03-29, 10:17:04","-10,000",102,102.498001,10200,-19.75,-10060,120.25,-49.8001,C
Trades,SubTotal,,Bonds,USD,MUR 6 7/8 08/15/24,,0,,,150,-29.75,0,120.25,-49.8001,
Trades,Data,Order,Bonds,USD,SIG 4.7 06/15/24 4.5953793%,"2021-03-10, 09:53:11","50,000",100.25,100,-50125,-47.5,50172.5,0,-125,O
Trades,Data,Order,Bonds,USD,SIG 4.7 06/15/24 4.57111504%,"2021-04-06, 13:03:22","-50,000",100.375,100.519997,50187.5,-36.5,-50172.5,-21.5,-72.4986,C;P
Trades,SubTotal,,Bonds,USD,SIG 4.7 06/15/24,,0,,,62.5,-84,0,-21.5,-197.4986,
Trades,Total,,Bonds,USD,,,,,,292223.75,-341,-285528.75,6354,-1319.543, 
